{
    "feihai_campaign": [
        {
            "control_air": [
                {
                    "air_support_mission": {
                        "mission_id": 1000,
                        "mission_type": 1,
                        "mission_identification": "KZZY",
                        "mission_type_str": "支援任务",
                        "mission_start_time": "2021-05-26 11:00:00",
                        "mission_end_time": "2021-05-26 14:20:00",
                        "mission_description": "在指定区域执行空中预警和空中电子干扰两种战术行动,准确识别敌方空中力量部署，并对其进行电子干扰",
                        "action_model": {
                            "add_support_1": {
                                "_id": 100,
                                "order_name": "新增蓝方支援1",
                                "order_type": 12,
                                "unit_name": ["E-2K #1", "EC-130H #1"],
                                "order_start_time": "2021-05-26 11:00:00",
                                "order_end_time": "2021-05-26 14:20:00",
                                "support_zone": [
                                    [
                                        21.8764427622847,
                                        121.330904108449
                                    ],
                                    [
                                        21.8335734773605,
                                        121.478618597081
                                    ],
                                    [
                                        21.6920926322308,
                                        121.580152213845
                                    ],
                                    [
                                        21.6899037180596,
                                        121.405076571889
                                    ]
                                ]
                            },
                            "update_support_1": {
                                "_id": 101,
                                "order_name": "更新蓝方支援1",
                                "update_old_id": 100,
                                "order_type": 13,
                                "order_start_time": "2021-05-26 12:30:00",
                                "order_end_time": "2021-05-26 14:20:00",
                                "new_support_zone": [
                                    [
                                        19.8452434017736,
                                        124.15306856036
                                    ],
                                    [
                                        19.8608816443815,
                                        124.258533532556
                                    ],
                                    [
                                        19.7773499598268,
                                        124.258482921611
                                    ],
                                    [
                                        19.756491023618,
                                        124.16971312762
                                    ]
                                ]
                            },
                            "add_support_2": {
                                "_id": 102,
                                "order_type": 12,
                                "order_name": "蓝方支援2",
                                "unit_name": ["EC-130H #2"],
                                "order_start_time": "2021-05-26 11:00:00",
                                "order_end_time": "2021-05-26 14:20:00",
                                "support_zone": [
                                    [
                                        22.4098475117646,
                                        122.186072181501
                                    ],
                                    [
                                        22.418764139488,
                                        122.367143273071
                                    ],
                                    [
                                        22.233752742808,
                                        122.386191481229
                                    ],
                                    [
                                        22.2336414046035,
                                        122.186317353378
                                    ]
                                ]
                            }
                        },
                        "task_rule": {
                            "one_third_rule": "false",
                            "flight_size": 1,
                            "set_flight_size_check": "false"
                        },
                        "result_model": {
                            "fight_red_air_num": 0,
                            "fight_red_ship_num": 0,
                            "save_blue_air_num": 3,
                            "save_blue_ship_num": 0
                        }
                    }
                },
                {
                    "air_attack_mission": {
                        "mission_id": 1001,
                        "mission_type": 2,
                        "mission_identification": "KZJG",
                        "mission_type_str": "进攻任务",
                        "mission_start_time": "2021-05-26 11:10:00",
                        "mission_end_time": "2021-05-26 14:20:00",
                        "mission_description": "打击指定巡逻区域中的敌方空中目标",
                        "action_model": {
                            "add_patrol_1": {
                                "_id": 103,
                                "order_type": 12,
                                "order_name": "蓝方巡逻1",
                                "unit_name": [
                                    "F-16A #7",
                                    "F-16A #8",
                                    "F-16A #9",
                                    "F-16A #07",
                                    "F-16A #08",
                                    "F-16A #09",
                                    "F-16A #5",
                                    "F-16A #6",
                                    "F-16A #05",
                                    "F-16A #06"
                                ],
                                "order_start_time": "2021-05-26 11:10:00",
                                "order_end_time": "2021-05-26 14:20:00",
                                "patrol_zone": [
                                    [
                                        21.813803192903,
                                        122.369519984786
                                    ],
                                    [
                                        21.8326948541021,
                                        122.521524522641
                                    ],
                                    [
                                        21.6821653996223,
                                        122.531658874429
                                    ],
                                    [
                                        21.6914739156693,
                                        122.349410016875
                                    ]
                                ],
                                "prosecution_zone": [
                                    [
                                        22.1593596923231,
                                        121.147008976371
                                    ],
                                    [
                                        22.5329177785997,
                                        123.746663413981
                                    ],
                                    [
                                        21.705618145078,
                                        123.70585754102
                                    ],
                                    [
                                        21.2291643151066,
                                        121.162975576448
                                    ]
                                ]
                            }
                        },
                        "task_rule": {
                            "one_third_rule": "false",
                            "flight_size": 1,
                            "opa_check": "true",
                            "wwr_check": "true",
                            "emcon_usage": "false",
                            "fire_dis": 80,
                            "fire_num": 2,
                            "launcher": 1,
                            "weapon_state_for_aircraft": 2002,
                            "weapon_state_for_air_group": "3"
                        },
                        "result_model": {
                            "fight_red_air_num": 10,
                            "fight_red_ship_num": 0,
                            "save_blue_air_num": 8,
                            "save_blue_ship_num": 0
                        }
                    }
                }
            ]
        },
        {
            "control_sea": [
                {
                    "air_strike_mission": {
                        "mission_id": 1002,
                        "mission_type": 3,
                        "mission_identification": "KZYZ",
                        "mission_type_str": "压制任务",
                        "mission_start_time": "2021-05-26 12:00:00",
                        "mission_end_time": "2021-05-26 14:20:00",
                        "mission_description": "打击敌方海上目标",
                        "action_model": {
                            "add_strike_1": {
                                "_id": 104,
                                "order_type": 12,
                                "order_name": "蓝方打击1",
                                "unit_name": [
                                    "F-16A #01",
                                    "F-16A #02",
                                    "F-16A #03",
                                    "F-16A #04",
                                    "F-16A #1",
                                    "F-16A #2",
                                    "F-16A #3",
                                    "F-16A #4"
                                ],
                                "order_start_time": "2021-05-26 12:00:00",
                                "order_end_time": "2021-05-26 14:20:00",
                                "strike_plot_name": "strikeway2",
                                "strike_plot_point": [
                                    {
                                        "latitude": 20.9842256934375,
                                        "longitude": 122.65414055869
                                    },
                                    {
                                        "latitude": 19.5621794419183,
                                        "longitude": 124.078688679375
                                    },
                                    {
                                        "latitude": 18.8313024317007,
                                        "longitude": 124.352164791811
                                    }
                                ],
                                "target": [
                                    "航空母舰",
                                    "护卫舰",
                                    "驱逐舰"
                                ]
                            }
                        },
                        "task_rule": {
                            "one_third_rule": "false",
                            "flight_size": 1,
                            "opa_check": "true",
                            "wwr_check": "true",
                            "emcon_usage": "false",
                            "fire_dis": 80,
                            "fire_num": 2,
                            "launcher": 1,
                            "weapon_state_for_aircraft": 2002,
                            "weapon_state_for_air_group": "3"
                        },
                        "result_model": {
                            "fight_red_air_num": 0,
                            "fight_red_ship_num": 2,
                            "save_blue_air_num": 8,
                            "save_blue_ship_num": 0
                        }
                    }
                }
            ]
        }
    ]
}