{"菲海战事":
[{"夺取制空权": [{"空中支援任务": {"任务标识": "KZZY", "任务类别": "支援任务", "任务开始时间": "2021-05-26 11:00:00",
  "任务结束时间": "想定结束", "任务描述": "在指定区域执行空中预警和空中电子干扰两种战术行动", "任务目标": "准确识别敌方空中力量部署，并对其进行电子干扰",
   "action_model": {"yj_support": {"mission_name": "蓝方支援1", "acType": "E-2K #1", "num": 1, "start_time": "2021-05-26 11:00:00",
   "support_zone": [[21.8764427622847, 121.330904108449], [21.8335734773605, 121.478618597081], [21.6920926322308, 121.580152213845],
     [21.6899037180596, 121.405076571889]], "trigger event": "想定开始执行"}, "gr_support_1": {"mission_name": "蓝方支援2", "acType": "EC-130H #1", "num": 1, "start_time": "2021-05-26 11:00:00",
   "support_zone": [[21.8764427622847, 121.330904108449], [21.8335734773605, 121.478618597081], [21.6920926322308, 121.580152213845],
     [21.6899037180596, 121.405076571889]], "trigger event": "想定开始执行"}, "gr_support_2": {"mission_name": "蓝方支援3", "acType": "EC-130H #2", "num": 1, "start_time": "2021-05-26 11:00:00",
   "support_zone": [[22.4098475117646, 122.186072181501], [22.418764139488, 122.367143273071],
               [22.233752742808, 122.386191481229], [22.2336414046035, 122.186317353378]], "trigger event": "想定开始执行"},
    "support_update_reference_point": {"new_point": [[19.8452434017736, 124.15306856036], [19.8608816443815, 124.258533532556],
               [19.7773499598268, 124.258482921611], [19.756491023618, 124.16971312762]], "trigger event": 2}}, "task_rule": {"Radar": "Active", "OECM": "Active"}, "capable": {"capable_type": "侦察能力、干扰能力",
    "capable_num": 3, "use_location": "区域1、区域2", "use_time": "2021-05-26 11:00:00"}, "relation_model": {"time_relation": {"absolutely_time": "2021-05-26 11:00:00", "relative_time": "无", "window_time": "无"},
     "function_relation": {"combination_relation": ["support", "update"], "cooperation_relation": {"主任务标识": "KZJG", "辅任务标识": " KZZY"},
     "selection_relation": "无", "causal relationship": ["空中支援任务", "空中进攻任务"]}}, "result_model": {"fight_index": "无"}}},
  {"空中进攻任务": {"任务标识": "KZJG", "任务类别": "进攻任务", "任务开始时间": "2021-05-26 11:10:00",
  "任务结束时间": "想定结束", "任务描述": "打击指定巡逻区域中的敌方空中目标", "任务目标": "击落指定巡逻区域中的全部空中目标",
   "action_model": {"lf_patrol": {"mission_name": "蓝方巡逻1", "acType": ["F-16A #7", "F-16A #8", "F-16A #9", "F-16A #07", "F-16A #08", "F-16A #09", "F-16A #5", "F-16A #6", "F-16A #05", "F-16A #06"], "num": 10, "start_time": "2021-05-26 11:10:00",
   "patrol_zone": [[21.813803192903, 122.369519984786], [21.8326948541021, 122.521524522641],
               [21.6821653996223, 122.531658874429], [21.6914739156693, 122.349410016875]], "prosecution_zone": [[22.1593596923231,121.147008976371], [22.5329177785997,123.746663413981],
               [21.705618145078,123.70585754102], [21.2291643151066,121.162975576448]],"trigger event": "想定开始执行"}}, "task_rule": {"one_third_rule": "false", "flight_size": 1, "opa_check": "true", "wwr_check": "true", "emcon_usage": "false", "fire_dis": 80, "fire_num": 2, "launcher": 1, "weapon_state_for_aircraft": 2002, "weapon_state_for_air_group": "3"}, "capable": {"capable_type": "火力打击能力",
    "capable_num": 10, "use_location": "巡逻区域1", "use_time": "2021-05-26 11:10:00"}, "relation_model": {"time_relation": {"absolutely_time": "2021-05-26 11:10:00", "relative_time": "无", "window_time": "无"},
     "function_relation": {"combination_relation": ["patrol", "change"], "cooperation_relation": {"主任务标识": "KZJG", "辅任务标识": " KZZY"},
     "selection_relation": "无", "causal relationship": ["空中支援任务", "空中进攻任务"]}}, "result_model": {"fight_index": 10}}}]},
  {"夺取制海权": [{"空中压制任务": {"任务标识": "KZYZ", "任务类别": "压制任务", "任务开始时间": "2021-05-26 12:00:00",
  "任务结束时间": "想定结束", "任务描述": "打击敌方海上目标", "任务目标": "击伤全部海上目标",
   "action_model": {"lf_strike": {"mission_name": "蓝方打击1", "acType": ["F-16A #01", "F-16A #02", "F-16A #03", "F-16A #04", "F-16A #1", "F-16A #2","F-16A #3", "F-16A #4"], "num": 8, "start_time": "2021-05-26 12:00:00",
   "strike_plot_name": "strikeway2", "strike_plot_point": [{"latitude": 20.9842256934375, "longitude": 122.65414055869},
                         {"latitude": 19.5621794419183, "longitude": 124.078688679375},
                         {"latitude": 18.8313024317007, "longitude": 124.352164791811}],"trigger event": 2, "target": ["航空母舰", "护卫舰", "驱逐舰"]}}, "task_rule": {"one_third_rule": "false", "flight_size": 1, "opa_check": "true", "wwr_check": "true", "emcon_usage": "false", "fire_dis": 80, "fire_num": 2, "launcher": 1, "weapon_state_for_aircraft": 2002, "weapon_state_for_air_group": "3"}, "capable": {"capable_type": "火力打击能力",
    "capable_num": 12, "use_location": "strikeway2", "use_time": "2021-05-26 12:00:00"}, "relation_model": {"time_relation": {"absolutely_time": "2021-05-26 12:00:00", "relative_time": "无", "window_time": "无"},
     "function_relation": {"combination_relation": ["strike"], "cooperation_relation": "无",
     "selection_relation": "无", "causal relationship": ["空中进攻任务", "空中压制任务"]}}, "result_model": {"fight_index": 3}}}]}]}


