[
  {
    "title": "\u753b\u5e03 1",
    "topic": {
      "title": "\u83f2\u6d77\u6218\u4e8b",
      "topics": [
        {
          "title": "\u593a\u53d6\u5236\u7a7a\u6743",
          "topics": [
            {
              "title": "\u7a7a\u4e2d\u652f\u63f4\u4efb\u52a1",
              "topics": [
                {
                  "title": "\u4efb\u52a1\u6807\u8bc6\uff1aKZZY"
                },
                {
                  "title": "\u4efb\u52a1\u7c7b\u522b\uff1a\u652f\u63f4\u4efb\u52a1"
                },
                {
                  "title": "\u4efb\u52a1\u5f00\u59cb\u65f6\u95f4\uff1a05/26/2021 11:00:00"
                },
                {
                  "title": "\u4efb\u52a1\u7ed3\u675f\u65f6\u95f4\uff1a\u60f3\u5b9a\u7ed3\u675f"
                },
                {
                  "title": "\u4efb\u52a1\u63cf\u8ff0\uff1a\u5728\u6307\u5b9a\u533a\u57df\u6267\u884c\u7a7a\u4e2d\u9884\u8b66\u548c\u7a7a\u4e2d\u7535\u5b50\u5e72\u6270\u4e24\u79cd\u6218\u672f\u884c\u52a8"
                },
                {
                  "title": "\u4efb\u52a1\u76ee\u6807\uff1a\u51c6\u786e\u8bc6\u522b\u654c\u65b9\u7a7a\u4e2d\u529b\u91cf\u90e8\u7f72\uff0c\u5e76\u5bf9\u5176\u8fdb\u884c\u7535\u5b50\u5e72\u6270"
                },
                {
                  "title": "\u884c\u52a8\u6a21\u677f",
                  "topics": [
                    {
                      "title": "\u7a7a\u4e2d\u9884\u8b66\u652f\u63f4\u521b\u5efa\u6307\u4ee4",
                      "topics": [
                        {
                          "title": "\u6307\u4ee4\u540d\u79f0\uff1a\u84dd\u65b9\u652f\u63f41"
                        },
                        {
                          "title": "\u98de\u673a\u578b\u53f7\uff1aE-2K #1"
                        },
                        {
                          "title": "\u6570\u91cf\uff1a1"
                        },
                        {
                          "title": "\u4e34\u7a7a\u65f6\u95f4\uff1a05/26/2021 11:00:00"
                        },
                        {
                          "title": "\u652f\u63f4\u533a\u57df\u540d\u79f0\uff1a\u533a\u57df1"
                        },
                        {
                          "title": "\u6301\u7eed\u65f6\u95f4\uff1a3\u4e2a\u5c0f\u65f6"
                        },
                        {
                          "title": "\u89e6\u53d1\u4e8b\u4ef6\uff1a\u60f3\u5b9a\u5f00\u59cb\u6267\u884c"
                        }
                      ]
                    },
                    {
                      "title": "\u7a7a\u4e2d\u7535\u5b50\u5e72\u6270\u652f\u63f4\u521b\u5efa\u6307\u4ee41",
                      "topics": [
                        {
                          "title": "\u6307\u4ee4\u540d\u79f0\uff1a\u84dd\u65b9\u652f\u63f42"
                        },
                        {
                          "title": "\u98de\u673a\u578b\u53f7\uff1aEC-130H #1"
                        },
                        {
                          "title": "\u6570\u91cf\uff1a1"
                        },
                        {
                          "title": "\u4e34\u7a7a\u65f6\u95f4\uff1a05/26/2021 11:00:00"
                        },
                        {
                          "title": "\u652f\u63f4\u533a\u57df\u540d\u79f0\uff1a\u533a\u57df1"
                        },
                        {
                          "title": "\u6301\u7eed\u65f6\u95f4\uff1a3\u4e2a\u5c0f\u65f6"
                        },
                        {
                          "title": "\u89e6\u53d1\u4e8b\u4ef6\uff1a\u60f3\u5b9a\u5f00\u59cb\u6267\u884c"
                        }
                      ]
                    },
                    {
                      "title": "\u7a7a\u4e2d\u7535\u5b50\u5e72\u6270\u652f\u63f4\u521b\u5efa\u6307\u4ee42",
                      "topics": [
                        {
                          "title": "\u6307\u4ee4\u540d\u79f0\uff1a\u84dd\u65b9\u652f\u63f43"
                        },
                        {
                          "title": "\u98de\u673a\u578b\u53f7\uff1aEC-130H #2"
                        },
                        {
                          "title": "\u6570\u91cf\uff1a1"
                        },
                        {
                          "title": "\u4e34\u7a7a\u65f6\u95f4\uff1a05/26/2021 11:00:00"
                        },
                        {
                          "title": "\u652f\u63f4\u533a\u57df\u540d\u79f0\uff1a\u533a\u57df2"
                        },
                        {
                          "title": "\u6301\u7eed\u65f6\u95f4\uff1a3\u4e2a\u5c0f\u65f6"
                        },
                        {
                          "title": "\u89e6\u53d1\u4e8b\u4ef6\uff1a\u60f3\u5b9a\u5f00\u59cb\u6267\u884c"
                        }
                      ]
                    },
                    {
                      "title": "\u66f4\u65b0\u652f\u63f4\u533a\u57df\u6307\u4ee4",
                      "topics": [
                        {
                          "title": "\u66f4\u65b0\u540e\u652f\u63f4\u533a\u57df\u540d\u79f0\uff1a\u533a\u57df1"
                        },
                        {
                          "title": "\u66f4\u65b0\u540e\u652f\u63f4\u533a\u57df\u5750\u6807\uff1a\u89c4\u5212\u65b0\u56db\u4e2a\u70b9\u5750\u6807"
                        },
                        {
                          "title": "\u89e6\u53d1\u4e8b\u4ef6\uff1a\u654c\u65b9\u6218\u673a\u6570\u91cf\u5c0f\u4e8e2\u67b6"
                        }
                      ]
                    }
                  ]
                },
                {
                  "title": "\u4efb\u52a1\u89c4\u5219",
                  "topics": [
                    {
                      "title": "\u89c4\u52191\uff1a\u5f00\u542f\u96f7\u8fbe\u3001\u5e72\u6270\u5668"
                    }
                  ]
                },
                {
                  "title": "\u80fd\u529b\u9700\u6c42\u6a21\u578b",
                  "topics": [
                    {
                      "title": "\u80fd\u529b",
                      "topics": [
                        {
                          "title": "\u80fd\u529b\u7c7b\u522b\uff1a\u4fa6\u5bdf\u80fd\u529b\u3001\u5e72\u6270\u80fd\u529b"
                        },
                        {
                          "title": "\u6570\u91cf\uff1a3"
                        },
                        {
                          "title": "\u4f7f\u7528\u4f4d\u7f6e\uff1a\u533a\u57df1\u3001\u533a\u57df2"
                        },
                        {
                          "title": "\u4f7f\u7528\u65f6\u95f4\uff1a05/26/2021 11:00:00"
                        }
                      ]
                    }
                  ]
                },
                {
                  "title": "\u5173\u7cfb\u6a21\u578b",
                  "topics": [
                    {
                      "title": "\u65f6\u95f4\u5173\u7cfb",
                      "topics": [
                        {
                          "title": "\u7edd\u5bf9\u65f6\u95f4\uff1a05/26/2021 11:00:00"
                        },
                        {
                          "title": "\u76f8\u5bf9\u65f6\u95f4\uff1a\u65e0"
                        },
                        {
                          "title": "\u7a97\u53e3\u65f6\u95f4\uff1a\u65e0"
                        }
                      ]
                    },
                    {
                      "title": "\u529f\u80fd\u5173\u7cfb",
                      "topics": [
                        {
                          "title": "\u7ec4\u5408\u5173\u7cfb\uff1a\u7a7a\u4e2d\u652f\u63f4\u4efb\u52a1\u5305\u62ec\u521b\u5efa\u6307\u4ee4\u548c\u66f4\u65b0\u533a\u57df\u4e24\u4e2a\u6218\u672f\u7ea7\u6307\u4ee4"
                        },
                        {
                          "title": "\u534f\u540c\u5173\u7cfb",
                          "topics": [
                            {
                              "title": "\u4e3b\u4efb\u52a1\u6807\u8bc6\uff1aKZJG"
                            },
                            {
                              "title": "\u8f85\u4efb\u52a1\u6807\u8bc6:   KZZY"
                            }
                          ]
                        },
                        {
                          "title": "\u9009\u62e9\u5173\u7cfb\uff1a\u65e0"
                        },
                        {
                          "title": "\u56e0\u679c\u5173\u7cfb",
                          "topics": [
                            {
                              "title": "\u56e0\uff1a\u7a7a\u4e2d\u652f\u63f4\u4efb\u52a1"
                            },
                            {
                              "title": "\u679c\uff1a\u7a7a\u4e2d\u8fdb\u653b\u4efb\u52a1"
                            }
                          ]
                        }
                      ]
                    }
                  ]
                },
                {
                  "title": "\u6548\u679c\u6a21\u578b",
                  "topics": [
                    {
                      "title": "\u6548\u679c",
                      "topics": [
                        {
                          "title": "\u4f5c\u6218\u6307\u6807\uff1a\u65e0"
                        }
                      ]
                    }
                  ]
                }
              ]
            },
            {
              "title": "\u7a7a\u4e2d\u8fdb\u653b\u4efb\u52a1",
              "topics": [
                {
                  "title": "\u4efb\u52a1\u6807\u8bc6\uff1aKZJG"
                },
                {
                  "title": "\u4efb\u52a1\u7c7b\u522b\uff1a\u8fdb\u653b\u884c\u52a8"
                },
                {
                  "title": "\u4efb\u52a1\u5f00\u59cb\u65f6\u95f4\uff1a05/26/2021 11:10:00"
                },
                {
                  "title": "\u4efb\u52a1\u7ed3\u675f\u65f6\u95f4\uff1a\u60f3\u5b9a\u7ed3\u675f"
                },
                {
                  "title": "\u4efb\u52a1\u63cf\u8ff0\uff1a\u6253\u51fb\u6307\u5b9a\u5de1\u903b\u533a\u57df\u4e2d\u7684\u654c\u65b9\u7a7a\u4e2d\u76ee\u6807"
                },
                {
                  "title": "\u4efb\u52a1\u76ee\u6807\uff1a\u51fb\u843d\u6307\u5b9a\u5de1\u903b\u533a\u57df\u4e2d\u7684\u5168\u90e8\u7a7a\u4e2d\u76ee\u6807"
                },
                {
                  "title": "\u884c\u52a8\u6a21\u677f",
                  "topics": [
                    {
                      "title": "\u7a7a\u4e2d\u5de1\u903b\u521b\u5efa\u6307\u4ee4",
                      "topics": [
                        {
                          "title": "\u6307\u4ee4\u540d\u79f0\uff1a\u84dd\u65b9\u5de1\u903b1"
                        },
                        {
                          "title": "\u98de\u673a\u578b\u53f7\uff1aF16A"
                        },
                        {
                          "title": "\u6570\u91cf\uff1a10"
                        },
                        {
                          "title": "\u4e34\u7a7a\u65f6\u95f4\uff1a05/26/2021 11:10:00"
                        },
                        {
                          "title": "\u5de1\u903b\u533a\u57df\u540d\u79f0\uff1a\u5de1\u903b\u533a\u57df1"
                        },
                        {
                          "title": "\u6301\u7eed\u65f6\u95f4\uff1a3\u4e2a\u5c0f\u65f6"
                        },
                        {
                          "title": "\u89e6\u53d1\u4e8b\u4ef6\uff1a\u60f3\u5b9a\u5f00\u59cb\u6267\u884c"
                        }
                      ]
                    },
                    {
                      "title": "\u4efb\u52a1\u5207\u6362\u6307\u4ee4",
                      "topics": [
                        {
                          "title": "\u5207\u6362\u524d\u6307\u4ee4\u540d\u79f0\uff1a\u84dd\u65b9\u5de1\u903b1"
                        },
                        {
                          "title": "\u5207\u6362\u524d\u6307\u4ee4\u7c7b\u578b\uff1a\u7a7a\u4e2d\u5de1\u903b"
                        },
                        {
                          "title": "\u5207\u6362\u540e\u6307\u4ee4\u540d\u79f0\uff1a\u84dd\u65b9\u6253\u51fb2"
                        },
                        {
                          "title": "\u5207\u6362\u540e\u6307\u4ee4\u7c7b\u578b\uff1a\u5bf9\u6d77\u6253\u51fb"
                        },
                        {
                          "title": "\u6570\u91cf\uff1a4"
                        },
                        {
                          "title": "\u89e6\u53d1\u4e8b\u4ef6\uff1a\u654c\u65b9\u6218\u673a\u6570\u91cf\u5c0f\u4e8e2\u67b6"
                        }
                      ]
                    }
                  ]
                },
                {
                  "title": "\u4efb\u52a1\u89c4\u5219",
                  "topics": [
                    {
                      "title": "\u89c4\u52191\uff1a\u5173\u95ed\u4e09\u5206\u4e4b\u4e00\u89c4\u5219"
                    },
                    {
                      "title": "\u89c4\u52192\uff1a\u8bbe\u7f6e\u7f16\u961f\u89c4\u6a21\u4e3a2\u67b6\u7f16\u961f"
                    },
                    {
                      "title": "\u89c4\u52193\uff1a\u5f00\u542f\u5bf9\u5de1\u903b\u533a\u5916\u7684\u63a2\u6d4b\u76ee\u6807\u8fdb\u884c\u5206\u6790"
                    },
                    {
                      "title": "\u89c4\u52194\uff1a\u5f00\u542f\u5bf9\u6b66\u5668\u5c04\u7a0b\u5185\u63a2\u6d4b\u76ee\u6807\u8fdb\u884c\u5206\u6790"
                    },
                    {
                      "title": "\u89c4\u52195\uff1a\u5173\u95ed\u4ec5\u5728\u5de1\u903b/\u8b66\u6212\u533a\u5185\u6253\u5f00\u7535\u78c1\u8f90\u5c04"
                    },
                    {
                      "title": "\u89c4\u52196\uff1a\u5f00\u706b\u8ddd\u79bb80\u516c\u91cc"
                    },
                    {
                      "title": "\u89c4\u52197\uff1a2\u53d1\u9f50\u5c04"
                    }
                  ]
                },
                {
                  "title": "\u80fd\u529b\u9700\u6c42\u6a21\u578b",
                  "topics": [
                    {
                      "title": "\u80fd\u529b",
                      "topics": [
                        {
                          "title": "\u80fd\u529b\u7c7b\u522b\uff1a\u706b\u529b\u6253\u51fb\u80fd\u529b"
                        },
                        {
                          "title": "\u6570\u91cf\uff1a10"
                        },
                        {
                          "title": "\u4f7f\u7528\u4f4d\u7f6e\uff1a\u5de1\u903b\u533a\u57df1"
                        },
                        {
                          "title": "\u4f7f\u7528\u65f6\u95f4\uff1a05/26/2021 11:10:00"
                        }
                      ]
                    }
                  ]
                },
                {
                  "title": "\u5173\u7cfb\u6a21\u578b",
                  "topics": [
                    {
                      "title": "\u65f6\u95f4\u5173\u7cfb",
                      "topics": [
                        {
                          "title": "\u7edd\u5bf9\u65f6\u95f4\uff1a05/26/2021 11:10:00"
                        },
                        {
                          "title": "\u76f8\u5bf9\u65f6\u95f4\uff1a\u65e0"
                        },
                        {
                          "title": "\u7a97\u53e3\u65f6\u95f4\uff1a\u65e0"
                        }
                      ]
                    },
                    {
                      "title": "\u529f\u80fd\u5173\u7cfb",
                      "topics": [
                        {
                          "title": "\u7ec4\u5408\u5173\u7cfb\uff1a\u7a7a\u4e2d\u8fdb\u653b\u4efb\u52a1\u5305\u62ec\u7a7a\u4e2d\u5de1\u903b\u548c\u4efb\u52a1\u5207\u6362\u4e24\u4e2a\u6218\u672f\u7ea7\u6307\u4ee4"
                        },
                        {
                          "title": "\u534f\u540c\u5173\u7cfb\uff1a",
                          "topics": [
                            {
                              "title": "\u4e3b\u4efb\u52a1\u6807\u8bc6\uff1aKZJG"
                            },
                            {
                              "title": "\u8f85\u4efb\u52a1\u6807\u8bc6\uff1aKZZY"
                            }
                          ]
                        },
                        {
                          "title": "\u9009\u62e9\u5173\u7cfb\uff1a\u65e0"
                        },
                        {
                          "title": "\u56e0\u679c\u5173\u7cfb",
                          "topics": [
                            {
                              "title": "\u56e0\uff1a\u7a7a\u4e2d\u652f\u63f4\u4efb\u52a1"
                            },
                            {
                              "title": "\u679c\uff1a\u7a7a\u4e2d\u8fdb\u653b\u4efb\u52a1"
                            }
                          ]
                        }
                      ]
                    }
                  ]
                },
                {
                  "title": "\u6548\u679c\u6a21\u578b",
                  "topics": [
                    {
                      "title": "\u6548\u679c",
                      "topics": [
                        {
                          "title": "\u4f5c\u6218\u6307\u6807\uff1a\u51fb\u843d10\u67b6\u654c\u673a"
                        }
                      ]
                    }
                  ]
                }
              ]
            }
          ]
        },
        {
          "title": "\u593a\u53d6\u5236\u6d77\u6743",
          "topics": [
            {
              "title": "\u7a7a\u4e2d\u538b\u5236\u4efb\u52a1",
              "topics": [
                {
                  "title": "\u4efb\u52a1\u6807\u8bc6\uff1aKZYZ"
                },
                {
                  "title": "\u4efb\u52a1\u7c7b\u522b\uff1a\u538b\u5236\u884c\u52a8"
                },
                {
                  "title": "\u4efb\u52a1\u5f00\u59cb\u65f6\u95f4\uff1a05/26/2021 12:00:00"
                },
                {
                  "title": "\u4efb\u52a1\u7ed3\u675f\u65f6\u95f4\uff1a\u60f3\u5b9a\u7ed3\u675f"
                },
                {
                  "title": "\u4efb\u52a1\u63cf\u8ff0\uff1a\u6253\u51fb\u654c\u65b9\u6d77\u4e0a\u76ee\u6807"
                },
                {
                  "title": "\u4efb\u52a1\u76ee\u6807\uff1a\u51fb\u4f24\u5168\u90e8\u6d77\u4e0a\u76ee\u6807"
                },
                {
                  "title": "\u884c\u52a8\u6a21\u677f",
                  "topics": [
                    {
                      "title": "\u5bf9\u6d77\u6253\u51fb\u521b\u5efa\u6307\u4ee4",
                      "topics": [
                        {
                          "title": "\u6307\u4ee4\u540d\u79f0\uff1a\u84dd\u65b9\u6253\u51fb1"
                        },
                        {
                          "title": "\u98de\u673a\u578b\u53f7\uff1aF16A"
                        },
                        {
                          "title": "\u6570\u91cf\uff1a12"
                        },
                        {
                          "title": "\u4e34\u7a7a\u65f6\u95f4\uff1a05/26/2021 12:00:00"
                        },
                        {
                          "title": "\u6253\u51fb\u822a\u7ebf\u540d\u79f0\uff1a\u822a\u7ebf2"
                        },
                        {
                          "title": "\u6301\u7eed\u65f6\u95f4\uff1a2\u4e2a\u5c0f\u65f6"
                        },
                        {
                          "title": "\u89e6\u53d1\u4e8b\u4ef6\uff1a\u654c\u65b9\u6218\u673a\u6570\u91cf\u5c0f\u4e8e\u7b49\u4e8e2\u67b6"
                        }
                      ]
                    }
                  ]
                },
                {
                  "title": "\u4efb\u52a1\u89c4\u5219",
                  "topics": [
                    {
                      "title": "\u89c4\u52191\uff1a\u5173\u95ed\u4e09\u5206\u4e4b\u4e00\u89c4\u5219"
                    },
                    {
                      "title": "\u89c4\u52192\uff1a\u8bbe\u7f6e\u7f16\u961f\u89c4\u6a21\u4e3a2\u67b6\u7f16\u961f"
                    },
                    {
                      "title": "\u89c4\u52193\uff1a\u5f00\u542f\u5bf9\u5de1\u903b\u533a\u5916\u7684\u63a2\u6d4b\u76ee\u6807\u8fdb\u884c\u5206\u6790"
                    },
                    {
                      "title": "\u89c4\u52194\uff1a\u5f00\u542f\u5bf9\u6b66\u5668\u5c04\u7a0b\u5185\u63a2\u6d4b\u76ee\u6807\u8fdb\u884c\u5206\u6790"
                    },
                    {
                      "title": "\u89c4\u52195\uff1a\u5173\u95ed\u4ec5\u5728\u5de1\u903b/\u8b66\u6212\u533a\u5185\u6253\u5f00\u7535\u78c1\u8f90\u5c04"
                    },
                    {
                      "title": "\u89c4\u52196\uff1a\u5f00\u706b\u8ddd\u79bb80\u516c\u91cc"
                    },
                    {
                      "title": "\u89c4\u52197\uff1a2\u53d1\u9f50\u5c04"
                    }
                  ]
                },
                {
                  "title": "\u80fd\u529b\u9700\u6c42\u6a21\u578b",
                  "topics": [
                    {
                      "title": "\u80fd\u529b",
                      "topics": [
                        {
                          "title": "\u80fd\u529b\u7c7b\u522b\uff1a\u706b\u529b\u6253\u51fb\u80fd\u529b"
                        },
                        {
                          "title": "\u6570\u91cf\uff1a12"
                        },
                        {
                          "title": "\u4f7f\u7528\u4f4d\u7f6e\uff1a\u822a\u7ebf2"
                        },
                        {
                          "title": "\u4f7f\u7528\u65f6\u95f4\uff1a05/26/2021 12:00:00"
                        }
                      ]
                    }
                  ]
                },
                {
                  "title": "\u5173\u7cfb\u6a21\u578b",
                  "topics": [
                    {
                      "title": "\u65f6\u95f4\u5173\u7cfb",
                      "topics": [
                        {
                          "title": "\u7edd\u5bf9\u65f6\u95f4\uff1a05/26/2021 12:00:00"
                        },
                        {
                          "title": "\u76f8\u5bf9\u65f6\u95f4\uff1a\u65e0"
                        },
                        {
                          "title": "\u7a97\u53e3\u65f6\u95f4\uff1a\u65e0"
                        }
                      ]
                    },
                    {
                      "title": "\u529f\u80fd\u5173\u7cfb",
                      "topics": [
                        {
                          "title": "\u7ec4\u5408\u5173\u7cfb\uff1a\u7a7a\u4e2d\u538b\u5236\u4efb\u52a1\u5305\u62ec\u5bf9\u6d77\u6253\u51fb\u6218\u672f\u7ea7\u6307\u4ee4"
                        },
                        {
                          "title": "\u534f\u540c\u5173\u7cfb\uff1a\u65e0"
                        },
                        {
                          "title": "\u9009\u62e9\u5173\u7cfb\uff1a\u65e0"
                        },
                        {
                          "title": "\u56e0\u679c\u5173\u7cfb",
                          "topics": [
                            {
                              "title": "\u56e0\uff1a\u7a7a\u4e2d\u8fdb\u653b\u4efb\u52a1"
                            },
                            {
                              "title": "\u679c\uff1a\u7a7a\u4e2d\u538b\u5236\u4efb\u52a1"
                            }
                          ]
                        }
                      ]
                    }
                  ]
                },
                {
                  "title": "\u6548\u679c\u6a21\u578b",
                  "topics": [
                    {
                      "title": "\u6548\u679c",
                      "topics": [
                        {
                          "title": "\u4f5c\u6218\u6307\u6807\uff1a\u51fb\u4f243\u8258\u654c\u65b9\u8230\u8239"
                        }
                      ]
                    }
                  ]
                }
              ]
            }
          ]
        }
      ]
    },
    "structure": "org.xmind.ui.logic.right"
  }
]