{
    "feihai_campaign": [
        {
            "control_air": [
                {
                    "mission_name": "air_suport_mission",
                    "mission_id": 1000,
                    "mission_type": 10,
                    "mission_identification": "KZZY",
                    "mission_type_str": "支援任务",
                    "mission_start_time": "2021-05-26 11:00:00",
                    "mission_end_time": "2021-05-26 14:20:00",
                    "mission_description": "在指定区域执行空中预警和空中电子干扰两种战术行动,准确识别敌方空中力量部署，并对其进行电子干扰",
                    "action_model": [
                        {
                            "order_name": "add_blue_support_1",
                            "order_id": 100,
                            "order_type": 10,
                            "unit_name": [
                                "E-2K #1",
                                "EC-130H #1"
                            ],
                            "order_start_time": "2021-05-26 11:00:00",
                            "order_end_time": "2021-05-26 14:20:00",
                            "support_zone": [
                                [
                                    21.8764427622847,
                                    121.330904108449
                                ],
                                [
                                    21.8335734773605,
                                    121.478618597081
                                ],
                                [
                                    21.6920926322308,
                                    121.580152213845
                                ],
                                [
                                    21.6899037180596,
                                    121.405076571889
                                ]
                            ],
                            "order_rule": {
                                "one_third_rule": "false",
                                "flight_size": 1,
                                "set_flight_size_check": "false"
                            }
                        },
                        {
                            "order_name": "add_blue_support_2",
                            "order_id": 101,
                            "order_type": 10,
                            "unit_name": [
                                "EC-130H #2"
                            ],
                            "order_start_time": "2021-05-26 11:00:00",
                            "order_end_time": "2021-05-26 14:20:00",
                            "support_zone": [
                                [
                                    22.4098475117646,
                                    122.186072181501
                                ],
                                [
                                    22.418764139488,
                                    122.367143273071
                                ],
                                [
                                    22.233752742808,
                                    122.386191481229
                                ],
                                [
                                    22.2336414046035,
                                    122.186317353378
                                ]
                            ],
                            "order_rule": {
                                "one_third_rule": "false",
                                "flight_size": 1,
                                "set_flight_size_check": "false"
                            }
                        },
                        {
                            "order_name": "update_blue_support_1",
                            "order_id": 102,
                            "order_type": 11,
                            "update_old_id": 100,
                            "order_start_time": "2021-05-26 12:30:00",
                            "order_end_time": "2021-05-26 14:20:00",
                            "old_support_zone_name": ["蓝方1", "蓝方2", "蓝方3", "蓝方4"],
                            "new_support_zone": [
                                [
                                    19.8452434017736,
                                    124.15306856036
                                ],
                                [
                                    19.8608816443815,
                                    124.258533532556
                                ],
                                [
                                    19.7773499598268,
                                    124.258482921611
                                ],
                                [
                                    19.756491023618,
                                    124.16971312762
                                ]
                            ],
                            "order_rule": {
                            }
                        }
                    ],
                    "result_model": {
                            "fight_red_air_num": 0,
                            "fight_red_ship_num": 0,
                            "save_blue_air_num": 3,
                            "save_blue_ship_num": 0
                        }
                },
                {
                    "mission_name": "air_attack_mission",
                    "mission_id": 1001,
                    "mission_type": 5,
                    "mission_identification": "KZXL",
                    "mission_type_str": "空战巡逻",
                    "mission_start_time": "2021-05-26 11:10:00",
                    "mission_end_time": "2021-05-26 14:20:00",
                    "mission_description": "打击指定巡逻区域中的敌方空中目标",
                    "action_model": [
                        {
                            "order_name": "add_patrol_1",
                            "order_id": 103,
                            "order_type": 5,
                            "unit_name": [
                                "F-16A #7",
                                "F-16A #8",
                                "F-16A #9",
                                "F-16A #07",
                                "F-16A #08",
                                "F-16A #09",
                                "F-16A #5",
                                "F-16A #6",
                                "F-16A #05",
                                "F-16A #06"
                            ],
                            "order_start_time": "2021-05-26 11:10:00",
                            "order_end_time": "2021-05-26 14:20:00",
                            "patrol_zone": [
                                [
                                    21.813803192903,
                                    122.369519984786
                                ],
                                [
                                    21.8326948541021,
                                    122.521524522641
                                ],
                                [
                                    21.6821653996223,
                                    122.531658874429
                                ],
                                [
                                    21.6914739156693,
                                    122.349410016875
                                ]
                            ],
                            "prosecution_zone": [
                                [
                                    22.1593596923231,
                                    121.147008976371
                                ],
                                [
                                    22.5329177785997,
                                    123.746663413981
                                ],
                                [
                                    21.705618145078,
                                    123.70585754102
                                ],
                                [
                                    21.2291643151066,
                                    121.162975576448
                                ]
                            ],
                            "order_rule": {
                                "one_third_rule": "false",
                                "flight_size": 1,
                                "set_flight_size_check": "false",
                                "opa_check": "true",
                                "wwr_check": "true",
                                "emcon_usage": "false",
                                "fire_dis": 80,
                                "fire_num": 2,
                                "launcher": 1,
                                "weapon_state_for_aircraft": "2002",
                                "weapon_state_for_air_group": "3"
                            }
                        }
                    ],
                    "result_model": {
                        "fight_red_air_num": 10,
                        "fight_red_ship_num": 0,
                        "save_blue_air_num": 8,
                        "save_blue_ship_num": 0
                    }
                }
                ]
        },
        {
            "control_sea": [
                {
                    "mission_name": "air_strike_mission",
                    "mission_id": 1002,
                    "mission_type": 3,
                    "mission_identification": "DHDJ",
                    "mission_type_str": "对海打击",
                    "mission_start_time": "2021-05-26 12:00:00",
                    "mission_end_time": "2021-05-26 14:20:00",
                    "mission_description": "打击敌方海上目标",
                    "action_model": [
                        {
                            "order_name": "add_strike_1",
                            "order_id": 104,
                            "order_type": 3,
                            "unit_name": [
                                "F-16A #01",
                                "F-16A #02",
                                "F-16A #03",
                                "F-16A #04",
                                "F-16A #1",
                                "F-16A #2",
                                "F-16A #3",
                                "F-16A #4"
                                ],
                            "order_start_time": "2021-05-26 12:00:00",
                            "order_end_time": "2021-05-26 14:20:00",
                            "strike_plot_name": "strikeway2",
                            "strike_plot_point": [
                                {
                                    "latitude": 20.9842256934375,
                                    "longitude": 122.65414055869
                                },
                                {
                                    "latitude": 19.5621794419183,
                                    "longitude": 124.078688679375
                                },
                                {
                                    "latitude": 18.8313024317007,
                                    "longitude": 124.352164791811
                                }
                            ],
                            "target": [
                                "航空母舰",
                                "护卫舰",
                                "驱逐舰"
                            ],
                            "order_rule": {
                                "one_third_rule": "false",
                                "flight_size": 1,
                                "set_flight_size_check": "false",
                                "opa_check": "true",
                                "wwr_check": "true",
                                "emcon_usage": "false",
                                "fire_dis": 80,
                                "fire_num": 2,
                                "launcher": 1,
                                "weapon_state_for_aircraft": "2002",
                                "weapon_state_for_air_group": "3"
                            }
                        }
                    ],
                    "result_model": {
                        "fight_red_air_num": 0,
                        "fight_red_ship_num": 2,
                        "save_blue_air_num": 8,
                        "save_blue_ship_num": 0
                    }
                }
            ]
        }
        ]
    }